[
{
  "model": "movie.genre",
  "pk": 1,
  "fields": {
    "genre_id": 28,
    "genre_name": "액션"
  }
},
{
  "model": "movie.genre",
  "pk": 2,
  "fields": {
    "genre_id": 12,
    "genre_name": "모험"
  }
},
{
  "model": "movie.genre",
  "pk": 3,
  "fields": {
    "genre_id": 16,
    "genre_name": "애니메이션"
  }
},
{
  "model": "movie.genre",
  "pk": 4,
  "fields": {
    "genre_id": 35,
    "genre_name": "코미디"
  }
},
{
  "model": "movie.genre",
  "pk": 5,
  "fields": {
    "genre_id": 80,
    "genre_name": "범죄"
  }
},
{
  "model": "movie.genre",
  "pk": 6,
  "fields": {
    "genre_id": 99,
    "genre_name": "다큐멘터리"
  }
},
{
  "model": "movie.genre",
  "pk": 7,
  "fields": {
    "genre_id": 18,
    "genre_name": "드라마"
  }
},
{
  "model": "movie.genre",
  "pk": 8,
  "fields": {
    "genre_id": 10751,
    "genre_name": "가족"
  }
},
{
  "model": "movie.genre",
  "pk": 9,
  "fields": {
    "genre_id": 14,
    "genre_name": "판타지"
  }
},
{
  "model": "movie.genre",
  "pk": 10,
  "fields": {
    "genre_id": 36,
    "genre_name": "역사"
  }
},
{
  "model": "movie.genre",
  "pk": 11,
  "fields": {
    "genre_id": 27,
    "genre_name": "공포"
  }
},
{
  "model": "movie.genre",
  "pk": 12,
  "fields": {
    "genre_id": 10402,
    "genre_name": "음악"
  }
},
{
  "model": "movie.genre",
  "pk": 13,
  "fields": {
    "genre_id": 9648,
    "genre_name": "미스터리"
  }
},
{
  "model": "movie.genre",
  "pk": 14,
  "fields": {
    "genre_id": 10749,
    "genre_name": "로맨스"
  }
},
{
  "model": "movie.genre",
  "pk": 15,
  "fields": {
    "genre_id": 878,
    "genre_name": "SF"
  }
},
{
  "model": "movie.genre",
  "pk": 16,
  "fields": {
    "genre_id": 10770,
    "genre_name": "TV 영화"
  }
},
{
  "model": "movie.genre",
  "pk": 17,
  "fields": {
    "genre_id": 53,
    "genre_name": "스릴러"
  }
},
{
  "model": "movie.genre",
  "pk": 18,
  "fields": {
    "genre_id": 10752,
    "genre_name": "전쟁"
  }
},
{
  "model": "movie.genre",
  "pk": 19,
  "fields": {
    "genre_id": 37,
    "genre_name": "서부"
  }
}
]
