[
{
  "model": "movie.provider",
  "pk": 1,
  "fields": {
    "provider_id": 8,
    "provider_name": "Netflix",
    "provider_logo_path": "/pbpMk2JmcoNnQwx5JGpXngfoWtp.jpg"
  }
},
{
  "model": "movie.provider",
  "pk": 2,
  "fields": {
    "provider_id": 119,
    "provider_name": "Amazon Prime Video",
    "provider_logo_path": "/dQeAar5H991VYporEjUspolDarG.jpg"
  }
},
{
  "model": "movie.provider",
  "pk": 3,
  "fields": {
    "provider_id": 337,
    "provider_name": "Disney Plus",
    "provider_logo_path": "/97yvRBw1GzX7fXprcF80er19ot.jpg"
  }
},
{
  "model": "movie.provider",
  "pk": 4,
  "fields": {
    "provider_id": 356,
    "provider_name": "wavve",
    "provider_logo_path": "/hPcjSaWfMwEqXaCMu7Fkb529Dkc.jpg"
  }
},
{
  "model": "movie.provider",
  "pk": 5,
  "fields": {
    "provider_id": 97,
    "provider_name": "Watcha",
    "provider_logo_path": "/5gmEivxOGPdq4Afpq1f8ktLtEW1.jpg"
  }
},
{
  "model": "movie.provider",
  "pk": 6,
  "fields": {
    "provider_id": 350,
    "provider_name": "Apple TV Plus",
    "provider_logo_path": "/2E03IAZsX4ZaUqM7tXlctEPMGWS.jpg"
  }
},
{
  "model": "movie.provider",
  "pk": 7,
  "fields": {
    "provider_id": 96,
    "provider_name": "Naver Store",
    "provider_logo_path": "/crFbxg6jkiKc14gpIGMkre9Y3mu.jpg"
  }
},
{
  "model": "movie.provider",
  "pk": 8,
  "fields": {
    "provider_id": 3,
    "provider_name": "Google Play Movies",
    "provider_logo_path": "/8z7rC8uIDaTM91X0ZfkRf04ydj2.jpg"
  }
},
{
  "model": "movie.provider",
  "pk": 9,
  "fields": {
    "provider_id": 11,
    "provider_name": "MUBI",
    "provider_logo_path": "/fj9Y8iIMFUC6952HwxbGixTQPb7.jpg"
  }
},
{
  "model": "movie.provider",
  "pk": 10,
  "fields": {
    "provider_id": 100,
    "provider_name": "GuideDoc",
    "provider_logo_path": "/eKVmLFHW5PeNhuR7Nedd8OIxW2M.jpg"
  }
},
{
  "model": "movie.provider",
  "pk": 11,
  "fields": {
    "provider_id": 190,
    "provider_name": "Curiosity Stream",
    "provider_logo_path": "/oR1aNm1Qu9jQBkW4VrGPWhqbC3P.jpg"
  }
},
{
  "model": "movie.provider",
  "pk": 12,
  "fields": {
    "provider_id": 521,
    "provider_name": "Spamflix",
    "provider_logo_path": "/k2YgZyxij5RcnS1qqUYEUrJB4oQ.jpg"
  }
},
{
  "model": "movie.provider",
  "pk": 13,
  "fields": {
    "provider_id": 475,
    "provider_name": "DOCSVILLE",
    "provider_logo_path": "/5zqbck5mo8PuVbGu2ngBUdn5Yga.jpg"
  }
},
{
  "model": "movie.provider",
  "pk": 14,
  "fields": {
    "provider_id": 538,
    "provider_name": "Plex",
    "provider_logo_path": "/vLZKlXUNDcZR7ilvfY9Wr9k80FZ.jpg"
  }
},
{
  "model": "movie.provider",
  "pk": 15,
  "fields": {
    "provider_id": 546,
    "provider_name": "WOW Presents Plus",
    "provider_logo_path": "/6dET59jNU0ADysghEjl8Unuc7Ca.jpg"
  }
},
{
  "model": "movie.provider",
  "pk": 16,
  "fields": {
    "provider_id": 551,
    "provider_name": "Magellan TV",
    "provider_logo_path": "/mSH24WQcRDJ2fsL5iucXqqRnSRb.jpg"
  }
},
{
  "model": "movie.provider",
  "pk": 17,
  "fields": {
    "provider_id": 554,
    "provider_name": "BroadwayHD",
    "provider_logo_path": "/6IYZ4NjwPikxN7J9cfSmuyeHeMm.jpg"
  }
},
{
  "model": "movie.provider",
  "pk": 18,
  "fields": {
    "provider_id": 559,
    "provider_name": "Filmzie",
    "provider_logo_path": "/eUBxtrqO26wAJfYOZJOzhQEo3mm.jpg"
  }
},
{
  "model": "movie.provider",
  "pk": 19,
  "fields": {
    "provider_id": 444,
    "provider_name": "Dekkoo",
    "provider_logo_path": "/x6nRFzF32hCzMHaVM4RHRo7lsgS.jpg"
  }
},
{
  "model": "movie.provider",
  "pk": 20,
  "fields": {
    "provider_id": 567,
    "provider_name": "True Story",
    "provider_logo_path": "/aRPDQvVcpeY07sjI6lAALMCL0ti.jpg"
  }
},
{
  "model": "movie.provider",
  "pk": 21,
  "fields": {
    "provider_id": 569,
    "provider_name": "DocAlliance Films",
    "provider_logo_path": "/vbXJBJVv3u3YWt6ml0l0ldDblXT.jpg"
  }
},
{
  "model": "movie.provider",
  "pk": 22,
  "fields": {
    "provider_id": 315,
    "provider_name": "Hoichoi",
    "provider_logo_path": "/u7dwMceEbjxd1N3TLEUBILSK2x6.jpg"
  }
},
{
  "model": "movie.provider",
  "pk": 23,
  "fields": {
    "provider_id": 677,
    "provider_name": "Eventive",
    "provider_logo_path": "/fwx5Ed64TkfWiRH1SOSkc4781Ts.jpg"
  }
},
{
  "model": "movie.provider",
  "pk": 24,
  "fields": {
    "provider_id": 692,
    "provider_name": "Cultpix",
    "provider_logo_path": "/uauVx3dGWt0GICqdMCBYJObd3Mo.jpg"
  }
},
{
  "model": "movie.provider",
  "pk": 25,
  "fields": {
    "provider_id": 701,
    "provider_name": "FilmBox+",
    "provider_logo_path": "/fbveJTcro9Xw2KuPIIoPPePHiwy.jpg"
  }
},
{
  "model": "movie.provider",
  "pk": 26,
  "fields": {
    "provider_id": 1771,
    "provider_name": "Takflix",
    "provider_logo_path": "/ed0vz5bryWIhQB5sHiuGvHKnHHn.jpg"
  }
},
{
  "model": "movie.provider",
  "pk": 27,
  "fields": {
    "provider_id": 309,
    "provider_name": "Sun Nxt",
    "provider_logo_path": "/6KEQzITx2RrCAQt5Nw9WrL1OI8z.jpg"
  }
},
{
  "model": "movie.provider",
  "pk": 28,
  "fields": {
    "provider_id": 445,
    "provider_name": "Classix",
    "provider_logo_path": "/uFjAjvrKMII0H766QzyHDNkZdKX.jpg"
  }
},
{
  "model": "movie.provider",
  "pk": 29,
  "fields": {
    "provider_id": 1796,
    "provider_name": "Netflix basic with Ads",
    "provider_logo_path": "/kICQccvOh8AIBMHGkBXJ047xeHN.jpg"
  }
},
{
  "model": "movie.provider",
  "pk": 30,
  "fields": {
    "provider_id": 283,
    "provider_name": "Crunchyroll",
    "provider_logo_path": "/mXeC4TrcgdU6ltE9bCBCEORwSQR.jpg"
  }
}
]
